neighbourhood,room_type,minimum_nights,calculated_host_listings_count,availability_365,price
21,0,1,5,293,110
1,1,2,13,292,260
81,0,1,8,162,40
70,0,3,13,90,52
5,1,2,327,153,243
2,1,1,7,249,250
7,0,7,47,338,120
34,0,1,17,342,139
7,0,7,47,271,100
160,2,4,7,365,30
21,0,2,5,358,63
6,0,4,6,113,72
144,0,3,8,170,39
7,0,1,5,0,86
7,0,1,11,245,155
19,0,1,7,350,120
43,1,2,327,309,234
21,0,1,6,103,69
25,2,2,5,90,48
2,0,5,8,345,215
83,0,2,6,64,45
6,0,2,34,330,55
6,0,2,34,282,65
100,0,1,5,365,100
30,1,1,5,324,174
21,0,2,5,202,50
37,0,5,12,174,60
37,0,1,6,362,59
15,1,3,9,72,199
20,0,3,13,74,189
4,0,1,10,347,45
2,0,4,8,340,75
124,0,1,5,0,50
20,0,1,7,59,102
89,2,2,7,37,75
30,0,3,5,18,79
54,0,7,9,346,40
172,0,2,5,355,55
71,0,1,15,359,300
71,0,1,15,351,100
2,0,1,9,260,70
101,0,1,7,360,100
70,1,3,8,356,85
124,0,1,7,180,53
21,0,2,10,356,65
1,0,1,10,327,350
5,1,2,327,62,263
43,1,2,327,315,244
49,0,1,8,296,45
69,0,1,5,57,142
71,0,1,13,344,100
30,1,1,5,364,750
6,2,3,34,365,38
43,1,2,327,348,228
10,1,2,5,152,179
6,2,1,17,89,35
15,0,2,5,0,29
25,1,2,5,163,134
100,0,5,5,322,37
20,1,1,6,0,100
100,0,5,5,353,37
1,1,2,13,283,220
58,0,2,13,365,68
43,1,2,327,338,203
7,0,1,11,243,155
103,0,1,5,89,35
21,2,4,5,80,25
46,0,2,7,0,59
12,0,1,7,31,60
43,1,2,327,294,503
25,0,1,6,321,84
1,0,1,8,318,100
111,0,1,6,358,55
7,1,1,5,365,240
71,0,1,15,232,100
22,0,2,6,85,68
15,0,1,12,63,64
43,1,2,327,322,203
81,0,2,6,280,289
70,0,1,5,62,50
1,1,3,49,249,737
12,0,5,6,185,140
4,1,2,6,173,500
6,2,1,17,77,35
6,0,2,5,167,58
49,0,2,8,279,40
12,0,4,5,0,88
14,0,1,12,362,85
46,2,1,8,320,39
103,0,1,5,89,45
70,0,3,8,341,75
46,0,2,7,0,50
37,1,6,7,322,138
5,1,2,327,137,245
43,1,2,327,272,470
81,0,1,7,57,55
126,0,2,6,79,65
7,0,1,30,324,199
87,0,1,10,120,55
152,1,1,7,160,175
1,0,2,11,162,590
37,0,1,6,339,45
63,0,1,5,281,55
7,0,1,10,343,166
6,0,2,7,316,110
30,1,2,5,39,595
2,0,1,6,45,99
2,0,2,11,180,69
112,0,7,5,148,65
60,0,1,5,0,119
39,0,1,8,275,129
43,1,2,327,347,231
94,0,1,9,357,50
7,0,1,30,363,299
1,1,1,17,218,137
6,0,3,5,110,60
7,2,1,9,348,60
6,0,2,10,326,55
34,0,1,17,354,119
4,1,1,5,102,165
4,0,2,6,0,90
8,0,15,12,153,70
43,1,2,327,271,201
20,2,2,5,274,35
4,0,2,5,63,70
15,0,1,12,68,52
1,1,1,17,208,107
43,1,1,8,325,309
43,1,2,327,333,201
21,0,1,26,365,55
1,1,3,8,225,380
7,2,1,6,314,70
6,0,2,7,272,65
76,0,1,6,360,49
20,0,1,33,180,89
43,1,2,327,357,240
1,0,1,14,365,450
25,1,1,10,341,499
6,0,2,6,128,81
1,2,3,6,169,65
21,0,1,5,166,51
7,0,1,30,362,199
14,0,1,12,321,85
103,0,1,5,175,45
162,2,2,6,352,26
82,0,1,5,187,35
43,1,2,327,354,221
10,1,1,5,255,129
114,2,1,7,60,28
1,2,3,6,353,65
1,0,2,12,365,749
1,0,2,11,213,233
129,1,3,6,232,140
21,0,6,8,147,58
7,2,1,5,46,80
39,2,3,12,354,30
56,0,1,9,341,50
15,0,12,5,89,52
37,0,2,7,57,140
7,2,1,6,362,75
7,0,1,8,84,209
67,2,1,6,338,25
6,0,15,14,0,41
28,0,1,5,0,99
28,0,3,9,0,60
22,0,3,5,76,45
28,0,3,9,29,95
4,0,4,5,188,1500
14,0,1,9,275,100
6,0,1,5,165,30
22,1,3,5,125,85
147,0,2,5,0,59
124,0,1,7,176,53
160,2,4,7,365,30
89,0,2,7,37,50
26,1,1,9,298,650
6,0,1,6,138,55
25,0,1,9,279,54
39,0,1,8,250,129
3,0,2,6,158,98
63,0,2,5,235,58
22,0,3,5,0,98
8,0,1,10,288,209
7,2,1,9,337,85
43,1,2,327,341,194
30,0,1,5,188,150
14,1,1,6,0,1100
7,0,1,5,170,86
15,0,2,5,29,49
21,0,3,5,0,60
103,0,1,7,0,49
13,2,2,5,31,32
28,0,2,6,351,500
15,2,2,5,29,25
1,1,1,17,232,120
37,0,2,6,361,54
23,0,15,28,185,73
21,0,2,5,361,95
21,1,2,5,136,85
46,0,1,18,365,135
70,0,7,13,247,40
147,0,2,5,0,49
25,0,1,6,356,120
24,2,2,6,352,30
43,1,2,327,333,234
6,0,2,34,310,60
1,0,3,12,365,799
6,2,3,34,359,39
11,0,1,5,341,999
25,0,1,5,359,89
43,1,1,8,323,650
81,0,1,8,140,43
37,0,1,8,53,50
6,0,1,15,318,55
46,0,1,8,0,39
144,0,3,10,65,60
129,0,5,6,216,45
10,1,1,5,262,159
111,0,1,6,364,35
4,0,3,6,90,85
7,2,1,6,169,90
106,0,1,5,364,95
111,0,1,8,0,45
129,0,3,9,343,99
152,0,1,6,179,60
103,0,1,5,154,40
111,0,1,7,365,50
4,2,2,9,3,49
67,2,9,12,0,28
54,0,2,8,189,80
7,0,1,30,365,199
121,0,2,6,254,30
43,1,2,327,289,463
100,0,1,5,365,120
81,0,1,8,106,59
1,0,1,11,177,299
83,0,2,6,75,40
23,2,14,28,321,35
6,0,2,7,71,57
24,0,1,5,362,46
158,0,2,5,61,55
15,1,7,5,333,155
54,0,7,9,152,35
20,0,3,28,60,599
7,0,1,8,81,209
15,1,4,9,49,59
70,0,3,13,90,30
20,0,3,28,81,179
7,0,3,6,179,99
2,0,1,7,60,79
7,0,2,47,331,62
5,1,2,327,82,231
43,1,2,327,331,231
1,0,3,12,365,999
1,1,2,11,199,718
43,1,2,327,329,229
23,2,14,28,322,35
111,0,1,7,312,60
20,0,3,28,81,179
24,0,1,7,53,55
27,0,1,10,156,119
73,1,2,5,256,129
152,0,1,7,179,75
160,0,3,7,195,64
43,1,2,327,329,188
73,2,1,5,352,35
67,2,7,12,0,20
37,0,1,9,341,85
54,0,7,9,365,90
73,2,7,10,281,20
4,1,2,6,173,400
24,0,1,5,125,74
6,0,1,8,12,65
12,0,1,7,352,51
1,0,1,14,355,450
6,0,2,7,76,74
28,1,1,5,365,189
49,0,6,8,318,45
54,0,2,5,0,36
1,1,2,13,322,198
26,1,1,9,337,350
12,0,2,5,0,350
64,0,1,8,0,84
31,0,2,5,157,53
56,0,1,9,276,55
1,0,1,5,274,100
70,0,3,13,180,51
56,0,1,9,283,45
46,0,1,6,171,60
43,1,2,327,243,390
14,0,1,20,160,199
21,1,1,6,9,475
96,0,2,5,188,55
41,1,4,6,147,65
6,0,1,6,163,55
56,0,1,7,308,62
1,1,3,49,204,699
87,0,1,10,131,99
2,0,1,5,224,118
83,0,2,5,157,39
4,2,2,9,109,49
160,2,4,7,365,30
2,0,1,11,364,65
85,0,2,5,365,70
111,0,1,6,365,69
43,1,2,327,350,228
6,1,2,8,270,155
56,0,1,7,313,70
111,0,1,7,357,45
15,1,4,9,89,199
110,0,3,7,356,33
71,0,1,7,262,100
192,0,2,5,183,65
70,0,1,5,37,40
21,0,1,5,166,48
124,0,2,5,363,45
4,0,3,6,42,116
21,0,2,26,311,36
37,0,2,6,364,43
43,1,2,327,263,505
2,0,5,8,335,215
111,0,1,5,158,31
81,0,6,5,299,42
7,2,1,6,24,70
7,0,1,5,321,120
103,0,1,5,155,45
37,0,1,8,79,50
22,0,2,6,176,50
1,0,1,10,360,300
1,1,1,17,162,137
6,1,1,9,118,139
45,0,3,6,128,110
16,1,1,12,31,2626
73,2,1,5,342,45
33,1,1,5,365,250
67,2,10,12,0,25
49,0,1,8,320,60
7,2,1,5,23,95
15,0,1,7,322,75
111,0,1,7,180,60
22,0,2,6,177,68
90,2,12,12,0,30
1,1,2,13,279,240
25,0,1,9,281,58
7,2,1,6,365,76
21,0,3,5,40,69
43,1,2,327,317,228
129,0,3,9,359,69
28,1,1,7,352,249
12,1,2,7,317,159
1,1,3,49,204,699
28,0,3,9,50,80
1,1,3,12,0,269
6,0,2,5,201,75
37,0,1,9,362,80
0,0,1,11,7,45
22,0,5,5,67,40
49,0,1,8,129,60
12,0,1,5,0,45
1,1,3,12,0,269
2,0,6,8,324,43
37,0,2,10,359,53
7,2,1,8,204,65
58,2,1,13,318,45
39,2,2,6,344,39
6,2,1,17,85,24
83,0,2,5,126,37
29,0,1,13,313,70
53,0,15,12,80,75
79,0,1,8,240,48
67,2,5,12,0,20
6,0,2,10,363,40
86,0,4,8,315,32
64,1,1,8,3,89
63,0,2,5,210,88
22,0,1,5,62,54
3,0,1,6,345,130
15,0,2,5,0,45
144,0,2,8,81,29
43,1,2,327,317,244
43,1,2,327,263,474
1,1,2,13,266,672
21,0,9,8,135,54
37,0,1,7,331,42
67,0,2,6,318,33
43,1,2,327,295,185
54,0,1,5,77,53
7,0,1,5,164,90
6,0,1,6,288,118
111,2,5,8,365,31
1,0,1,5,269,100
37,0,1,6,363,60
57,0,2,7,349,90
2,0,7,8,326,52
144,0,3,10,83,60
8,0,1,10,252,230
1,1,1,17,224,131
7,2,1,6,174,75
24,2,1,6,245,40
20,0,1,5,160,45
5,1,2,327,111,228
111,0,1,10,365,57
20,2,1,33,180,119
11,1,2,5,56,325
37,1,6,7,174,298
37,0,1,7,71,100
1,1,3,49,204,699
111,0,1,7,180,65
85,0,1,5,359,59
41,1,4,6,152,72
1,0,1,10,10,250
14,0,1,20,358,129
14,0,1,9,324,100
23,2,14,28,322,35
6,2,2,17,85,30
34,0,1,17,358,139
21,0,2,5,112,69
21,0,2,5,339,65
1,0,2,12,365,799
71,1,5,5,82,300
21,0,1,5,189,48
8,0,1,5,157,152
20,1,3,28,56,199
7,1,3,47,352,500
111,2,1,10,352,35
6,1,1,9,134,139
6,0,2,10,353,40
0,0,1,6,365,149
43,1,2,327,355,228
24,1,1,10,220,200
2,0,8,6,299,53
178,0,2,5,333,45
21,0,2,10,352,64
116,0,2,5,305,60
20,0,1,33,365,119
7,0,7,47,332,120
4,0,1,10,365,72
12,0,1,7,343,49
54,0,3,7,245,75
6,0,2,5,47,95
52,0,1,10,226,99
103,2,1,5,80,38
6,1,3,7,319,150
6,1,3,5,308,151
21,1,2,5,342,125
2,0,1,6,0,80
46,0,1,18,355,165
28,0,2,6,351,500
6,0,1,7,68,69
20,1,3,13,72,205
6,0,3,10,333,50
20,0,1,33,365,119
124,0,2,5,344,50
37,0,7,12,134,40
37,0,1,6,126,65
43,1,2,327,323,396
43,1,1,6,323,225
52,0,1,10,245,129
4,0,2,5,22,80
54,0,1,8,189,95
39,2,3,12,350,30
37,0,2,10,346,47
103,1,1,7,81,95
37,0,2,7,0,100
14,0,1,9,245,100
129,1,5,6,338,199
37,0,2,6,180,46
135,0,1,5,150,30
1,0,1,5,322,358
24,2,2,6,365,25
124,0,1,5,0,50
31,0,2,5,125,57
43,0,7,13,365,169
7,0,7,47,321,99
7,0,1,30,360,199
6,0,2,7,362,65
6,2,2,34,343,39
5,1,2,327,99,240
34,0,1,8,236,119
15,0,1,5,252,48
7,0,1,30,166,199
6,2,1,17,78,21
39,0,1,5,0,75
7,0,1,30,363,179
1,0,1,7,50,150
1,0,1,14,351,425
7,0,1,10,275,135
1,0,1,8,311,100
1,1,3,8,343,419
94,2,1,9,361,30
103,0,1,5,166,45
14,0,1,12,344,85
2,0,1,11,364,65
23,2,14,28,201,35
71,0,1,9,299,100
76,0,1,6,153,99
1,1,2,11,192,276
20,1,1,33,364,306
13,0,8,5,284,40
8,0,1,10,281,250
46,0,1,18,362,165
20,0,1,33,365,119
100,0,3,5,361,98
6,0,1,5,153,35
14,0,1,12,355,85
76,0,1,12,0,35
7,0,7,47,348,75
54,0,7,9,151,40
14,0,1,9,324,100
12,1,2,5,90,550
6,0,1,6,232,0
15,1,3,5,275,285
20,0,3,13,53,137
7,0,3,6,130,136
43,1,2,327,302,380
1,1,2,13,304,240
37,0,1,5,85,65
4,2,1,7,83,45
15,0,1,12,39,63
70,0,3,8,340,62
6,2,1,17,87,32
37,0,1,6,362,60
7,2,2,5,188,299
162,2,1,8,351,25
37,0,1,8,78,50
37,0,1,5,365,65
15,0,1,7,340,75
19,0,1,5,318,80
54,0,3,5,365,79
15,1,4,9,87,459
54,0,1,5,0,48
1,0,1,8,0,250
24,2,1,6,211,40
46,0,1,8,145,67
2,0,5,8,332,54
81,0,1,5,172,45
21,0,4,6,79,50
43,1,2,327,347,228
4,0,5,6,6,55
19,0,1,7,328,180
54,0,1,6,365,99
43,0,2,327,329,256
111,0,1,6,360,75
20,0,3,28,60,349
7,2,1,8,198,65
6,0,2,5,339,89
210,0,1,5,94,50
14,0,1,5,309,82
7,0,7,47,342,55
110,2,1,7,2,29
23,2,14,28,341,32
21,2,1,6,28,39
37,0,1,6,157,42
2,0,11,6,95,55
6,0,5,10,356,40
43,1,2,327,327,205
7,2,1,11,306,250
1,0,4,12,365,799
5,1,2,327,83,265
0,0,1,11,28,40
6,0,1,7,59,79
6,0,1,10,260,65
12,0,1,6,272,65
6,0,1,7,67,79
19,1,1,12,0,1145
63,0,2,6,187,99
30,0,1,6,38,81
21,0,3,8,365,75
12,0,1,5,90,295
19,0,1,5,15,80
6,0,2,6,121,81
56,0,1,5,336,50
22,1,2,5,0,58
2,0,1,5,253,92
3,0,1,11,365,319
210,0,1,5,133,45
30,0,1,5,84,75
29,0,1,13,281,55
7,2,1,9,349,60
29,0,1,13,324,45
7,0,1,10,342,197
13,2,2,5,31,38
39,1,1,8,240,261
71,0,1,9,283,100
54,0,1,5,0,48
1,1,3,49,204,699
20,0,3,13,0,189
7,0,1,12,270,110
7,2,1,5,361,75
7,0,2,8,73,209
54,0,3,5,357,67
1,0,3,12,365,799
21,0,3,5,83,89
1,1,1,17,234,153
25,0,1,10,352,99
44,0,7,5,365,140
111,0,1,8,0,40
12,0,2,8,104,60
4,0,5,5,271,60
73,2,5,10,301,40
131,0,2,13,363,75
6,0,3,7,109,100
28,0,3,5,132,87
87,1,3,5,262,88
4,1,1,5,56,165
37,0,1,6,7,35
1,1,3,12,0,339
24,0,1,7,42,55
25,0,1,10,358,89
20,2,1,33,180,119
100,0,5,5,295,33
15,1,3,5,226,785
111,0,2,10,365,50
21,1,1,8,177,166
87,0,1,10,112,70
63,0,4,5,55,50
37,0,1,5,90,65
162,2,1,6,308,23
21,0,1,26,342,50
1,1,3,49,200,737
79,0,1,5,66,29
110,0,4,7,342,32
7,2,1,7,221,75
46,0,1,18,362,165
160,0,4,8,365,59
43,1,2,327,277,256
23,2,14,28,322,35
6,0,1,15,359,70
25,1,3,7,24,130
21,2,4,5,62,25
15,1,3,9,74,129
2,0,3,7,339,120
89,0,2,7,37,40
43,1,2,327,262,520
152,0,1,6,365,50
1,0,1,10,361,350
6,0,1,10,158,65
30,0,7,6,272,40
7,0,1,30,156,107
1,1,1,17,226,153
67,0,1,6,174,79
1,0,2,12,365,899
43,1,2,327,306,235
46,2,1,8,346,40
71,0,2,5,197,113
43,1,2,327,332,216
8,0,1,10,259,325
24,0,1,6,189,70
160,2,5,8,365,30
6,2,3,34,361,36
73,2,2,8,343,40
96,0,3,5,326,60
6,1,2,5,88,60
127,1,2,5,0,145
70,0,3,8,323,33
7,0,1,12,251,110
37,0,2,7,122,80
20,1,3,13,74,199
56,2,1,7,313,40
71,0,1,15,201,100
7,0,1,12,232,110
64,0,1,8,0,84
63,2,4,5,0,60
37,0,2,7,14,60
110,0,4,7,322,33
1,1,2,13,327,252
21,0,2,5,158,53
7,0,1,6,165,110
1,1,1,17,246,120
124,0,2,5,347,50
37,0,7,12,160,50
144,1,2,8,343,99
21,0,3,5,0,50
2,0,1,7,351,77
7,0,7,47,318,156
111,0,1,7,177,60
7,0,1,6,316,135
79,1,1,5,147,330
6,0,3,5,316,70
1,0,1,8,306,250
18,0,3,8,258,90
20,0,3,28,79,179
4,1,1,5,87,180
54,0,7,9,365,65
23,0,1,10,115,86
71,0,1,7,315,100
5,1,2,327,91,262
172,1,2,5,354,149
87,0,1,10,127,70
46,0,1,18,365,135
10,1,1,5,270,189
43,1,2,327,302,252
7,2,1,5,365,75
94,0,1,18,355,135
54,0,1,6,365,89
56,0,1,5,342,45
7,2,1,9,161,85
14,0,1,20,365,199
111,0,1,8,0,45
7,2,1,6,19,69
23,2,14,28,318,35
6,0,15,11,199,45
21,0,3,8,341,75
129,0,1,8,283,50
21,0,1,8,179,58
103,0,1,5,0,40
7,0,2,5,0,85
71,0,1,9,289,100
21,0,1,5,62,50
20,1,3,13,53,179
43,1,2,327,332,234
20,1,1,6,0,70
71,0,1,7,363,324
21,0,1,8,179,50
6,0,1,6,173,55
94,1,2,5,365,1000
124,0,1,7,176,58
46,0,2,7,0,50
8,0,1,5,188,163
37,0,1,8,56,50
6,0,1,6,155,46
8,0,1,10,271,305
200,0,2,7,177,39
160,2,5,7,365,29
46,0,1,18,365,135
144,1,2,8,89,178
6,0,2,5,4,50
27,1,1,8,34,89
43,0,2,327,348,264
49,0,6,8,365,50
43,1,2,327,273,408
43,1,1,8,315,650
54,0,1,8,189,525
81,0,6,5,257,58
25,0,1,10,360,79
29,0,1,13,320,70
1,1,1,5,65,365
6,0,2,10,317,40
63,2,4,5,332,35
152,0,1,6,365,90
2,0,1,5,221,164
56,0,1,5,173,60
54,0,7,9,365,70
7,2,1,7,225,75
21,0,3,5,0,59
6,1,1,9,7,139
129,0,1,8,320,34
5,1,2,327,133,228
193,1,2,6,144,110
7,2,1,9,364,69
41,0,4,6,178,29
37,0,5,12,141,60
114,2,1,7,319,28
24,2,2,6,365,25
1,0,1,11,176,330
1,0,1,11,179,375
1,0,1,13,312,100
71,0,1,7,300,100
43,1,2,327,346,230
71,0,1,13,351,100
19,0,1,7,365,250
12,0,2,8,77,60
1,0,3,12,365,1599
6,2,3,34,365,38
39,1,1,8,267,260
45,1,14,12,86,266
1,1,3,49,164,699
6,1,1,5,55,90
102,0,1,5,0,98
29,0,1,13,309,40
56,1,6,11,299,60
71,0,1,15,292,100
43,1,2,327,260,244
1,1,3,49,204,699
30,0,7,6,310,39
1,0,1,14,343,475
1,0,1,11,364,399
29,0,1,13,286,50
1,0,1,8,319,100
6,1,3,5,110,130
39,2,3,12,345,30
6,1,1,14,53,500
8,0,1,6,326,49
67,0,5,12,0,35
6,2,1,34,365,36
71,0,1,13,358,100
2,0,1,5,209,164
56,0,1,9,323,48
85,0,1,5,359,59
43,1,2,327,341,235
14,0,1,20,352,199
46,0,1,6,153,80
114,2,1,8,60,28
110,0,4,7,337,30
6,2,1,17,89,35
21,0,6,7,187,63
6,0,2,7,349,60
111,0,1,8,0,40
1,1,4,8,0,299
43,1,2,327,291,185
21,0,1,26,250,45
7,0,1,5,351,99
18,0,3,8,252,90
11,1,3,5,255,250
6,2,1,17,49,35
7,1,2,5,0,299
22,1,3,5,86,85
54,0,7,9,365,80
7,2,1,9,175,85
27,1,1,8,70,89
79,1,1,5,113,460
27,0,1,7,276,100
15,0,2,5,268,48
25,0,1,6,360,71
7,2,1,8,205,69
7,0,7,47,362,99
7,0,1,30,354,199
20,1,3,28,60,199
20,2,2,5,299,40
7,2,1,6,365,75
21,0,3,10,322,45
7,0,1,30,140,129
70,0,3,13,365,65
103,0,1,5,168,55
20,1,3,28,60,199
6,1,1,9,238,139
63,0,4,5,133,65
111,0,1,7,152,60
94,0,2,6,365,60
6,1,1,14,38,211
101,0,1,7,359,100
21,1,2,5,342,250
15,0,2,5,0,60
71,0,1,9,317,100
14,0,1,20,359,149
57,0,1,7,360,70
1,1,3,49,216,737
1,0,2,13,329,198
35,0,4,5,365,129
111,0,1,10,298,55
94,0,1,18,355,165
14,0,1,20,359,149
49,0,1,8,342,59
4,0,1,10,357,45
21,0,2,5,343,40
6,2,1,17,89,28
30,0,1,5,336,196
20,1,3,28,36,199
42,0,2,5,1,42
149,0,1,5,38,50
25,0,1,5,358,89
121,0,1,6,256,35
43,1,2,327,328,396
20,0,1,33,180,119
4,2,2,9,10,65
83,0,2,5,126,37
20,1,3,28,62,199
7,0,1,11,271,165
85,0,5,5,365,55
4,0,5,6,15,50
43,1,2,327,318,196
70,0,7,13,301,38
58,0,2,13,365,75
6,1,1,9,7,139
67,2,7,6,365,25
7,2,1,5,365,75
1,1,3,49,176,699
7,2,1,7,225,80
54,0,7,9,120,42
43,1,1,8,314,309
37,0,2,10,360,48
21,0,4,6,29,37
13,1,5,5,206,135
71,0,1,15,359,100
1,1,1,17,182,137
87,0,1,10,134,65
71,0,1,9,309,100
7,0,1,12,187,110
43,1,2,327,333,214
71,0,1,13,362,100
20,0,1,33,365,119
43,1,2,327,323,432
21,1,2,5,342,325
21,2,4,5,49,25
37,0,1,5,75,45
1,0,2,6,305,75
56,0,1,9,351,59
34,0,1,17,337,139
39,0,2,6,347,65
162,2,2,6,356,40
103,0,1,5,175,45
1,1,2,13,246,198
43,1,1,6,253,425
63,1,3,6,188,238
103,0,1,5,159,45
12,0,2,8,83,60
28,0,3,5,156,71
43,1,2,327,268,390
43,1,2,327,268,214
4,0,3,6,88,80
22,0,2,6,68,55
16,0,1,6,364,80
84,2,2,6,120,19
87,0,1,10,95,55
49,0,14,8,317,50
43,1,2,327,330,404
37,0,1,7,285,32
6,1,4,34,309,265
12,0,3,5,0,80
20,1,3,13,74,350
21,0,1,5,333,50
37,0,1,5,90,64
6,0,1,10,158,65
13,0,8,5,0,65
200,0,3,7,177,38
106,0,1,5,361,149
7,0,1,7,198,120
45,0,3,6,129,110
48,1,1,33,179,179
4,0,3,6,90,85
12,0,1,5,0,1600
103,0,1,7,0,59
21,0,1,5,329,50
129,0,4,6,150,55
71,0,1,15,359,100
7,0,1,30,364,179
7,0,1,11,248,155
14,0,1,12,352,85
1,0,2,13,333,198
6,1,1,10,158,108
94,0,1,6,0,70
6,0,1,7,41,69
14,0,1,20,365,199
94,0,1,18,319,135
6,0,1,7,278,47
4,2,2,9,120,60
15,1,2,7,267,1500
55,0,2,6,0,37
43,1,2,327,279,398
21,0,2,26,318,36
37,0,1,5,90,62
27,0,1,7,328,100
14,0,1,6,364,3210
21,1,2,5,347,125
14,0,1,20,189,199
14,0,1,20,356,219
4,0,2,5,76,130
56,0,1,5,119,65
6,0,5,6,322,72
21,0,2,10,360,75
101,0,1,7,339,100
6,0,1,6,256,90
31,1,2,5,337,98
43,1,2,327,331,214
37,0,1,5,0,60
147,0,1,10,0,39
73,2,1,5,354,37
7,0,7,47,365,120
56,1,1,5,297,169
43,1,2,327,286,392
73,0,1,8,348,65
43,1,2,327,338,416
1,0,3,12,365,799
20,0,1,33,365,99
79,0,1,5,0,29
8,1,5,12,153,285
96,1,4,5,299,190
17,0,1,7,248,42
2,0,2,5,0,100
7,0,1,8,88,209
28,0,2,6,343,990
1,0,3,12,365,649
1,0,1,5,268,100
6,0,1,6,164,55
147,1,2,5,51,300
103,0,1,7,96,79
193,1,3,6,150,110
39,2,3,12,327,30
14,0,1,12,342,85
43,1,2,327,253,475
1,0,3,12,365,599
8,1,1,5,188,374
43,1,2,327,258,244
37,0,1,6,204,75
6,0,2,5,324,60
152,0,1,6,365,70
101,0,1,7,348,100
178,0,2,5,0,37
82,0,1,5,186,35
6,0,15,11,189,50
23,2,14,28,341,32
7,2,1,7,362,77
79,0,1,5,141,26
1,0,1,5,287,100
71,0,1,7,0,100
1,1,3,12,0,339
21,0,1,7,69,45
54,0,3,5,341,46
39,0,1,8,282,89
25,1,3,7,23,150
30,0,3,5,18,95
18,0,3,8,237,90
15,1,3,5,280,245
2,0,1,6,31,99
54,0,1,5,0,48
178,0,2,5,189,42
1,0,1,8,309,100
6,0,2,7,294,49
14,0,1,20,360,159
73,2,2,8,28,30
111,0,2,10,365,45
43,1,2,327,347,236
6,0,2,34,306,49
21,0,12,7,130,63
70,2,1,6,180,159
83,0,2,5,125,51
6,0,1,10,306,63
192,0,1,5,247,150
25,0,1,9,279,58
24,0,1,10,302,84
157,0,5,5,22,50
28,0,2,6,351,420
15,0,5,5,148,70
6,0,1,5,289,75
30,1,1,5,334,140
21,0,2,5,348,65
25,0,1,5,359,89
129,0,1,8,341,35
2,0,2,11,365,69
54,0,5,5,69,45
6,0,2,8,250,49
43,1,2,327,350,229
43,0,7,13,358,169
39,2,3,12,361,30
12,0,2,8,84,60
124,0,1,5,0,59
30,0,5,6,244,45
7,2,1,5,52,80
28,1,3,9,92,185
71,1,1,7,126,650
39,2,3,12,360,30
102,0,1,5,0,95
71,0,1,9,298,249
39,0,2,6,341,65
129,1,5,6,319,99
82,0,1,5,204,65
6,0,2,7,150,77
1,1,2,13,358,200
46,0,1,6,85,70
30,0,5,6,272,47
2,0,7,6,11,50
43,1,2,327,356,227
71,0,1,9,283,249
18,0,5,9,323,180
37,0,1,8,84,50
37,1,6,7,343,150
13,2,2,5,32,25
70,0,7,13,198,40
20,0,1,33,180,199
24,0,1,10,293,85
79,0,2,5,222,57
129,0,3,9,358,39
44,0,6,11,65,49
21,0,2,5,0,45
7,2,1,6,365,75
27,1,2,9,361,450
54,0,7,9,106,40
111,2,5,8,365,30
70,0,7,13,282,38
6,0,1,6,170,45
6,0,2,7,58,57
1,0,2,11,207,233
29,1,1,12,0,1494
24,0,1,7,53,55
8,1,1,12,124,3512
37,1,1,6,255,400
162,2,1,6,365,45
1,1,3,49,235,737
6,0,2,7,347,65
43,1,2,327,343,228
25,0,1,33,365,119
4,2,1,7,90,60
6,0,1,6,105,81
4,0,6,5,219,2000
24,0,1,7,7,55
1,0,1,8,321,100
103,0,1,6,351,60
111,0,1,8,0,40
6,0,5,7,0,44
178,0,2,5,173,40
43,1,2,327,292,250
1,1,1,8,0,310
20,0,1,33,1,119
6,0,2,7,66,77
129,0,3,9,357,69
152,0,1,7,177,65
6,2,3,34,332,40
15,1,15,5,179,79
4,1,3,6,249,750
111,2,1,7,365,38
6,0,2,6,308,75
1,0,3,12,365,799
193,2,3,10,0,25
28,1,2,11,354,140
64,1,1,8,34,89
79,0,1,8,127,39
3,0,1,11,356,239
37,0,1,5,74,72
7,2,1,5,21,95
1,1,3,49,206,699
20,1,3,28,60,199
25,0,1,6,363,85
43,1,2,327,325,211
71,0,1,7,293,100
46,0,1,8,189,30
43,0,7,13,358,209
81,1,1,6,249,120
21,0,2,10,343,65
2,1,1,5,271,122
81,0,1,8,164,34
43,1,2,327,346,215
30,1,1,5,261,285
37,0,3,12,96,40
6,0,1,6,174,40
64,0,1,8,0,84
7,2,1,5,23,95
1,1,3,49,188,737
37,1,2,7,58,159
4,0,1,10,365,50
1,0,3,12,365,499
6,1,1,10,255,115
71,0,1,9,299,100
7,0,7,47,358,62
81,0,1,5,71,50
21,2,1,7,73,29
66,0,3,5,362,40
71,0,1,9,317,100
21,0,3,8,330,75
1,0,3,12,365,599
56,0,1,9,363,50
14,0,1,9,315,100
196,0,4,7,323,35
7,0,7,47,329,80
1,1,3,49,230,737
70,0,7,13,296,38
1,0,1,14,336,450
14,0,1,20,359,129
20,2,3,5,301,35
87,0,1,10,136,68
19,0,1,7,23,60
6,1,2,5,70,50
7,0,7,47,326,65
84,0,1,6,170,57
39,2,3,12,360,30
43,1,2,327,310,223
73,2,2,8,358,40
43,1,2,327,260,252
70,0,3,13,365,45
46,0,1,9,358,50
54,0,1,6,365,89
1,0,1,6,290,100
28,1,1,12,45,6419
15,1,3,9,46,88
21,0,2,8,349,65
25,0,1,8,359,139
1,0,1,7,67,325
6,0,1,15,305,45
6,0,1,15,285,55
71,0,1,15,304,300
6,2,1,17,85,33
25,0,1,5,355,60
83,1,2,5,168,95
37,0,1,6,364,55
56,1,1,5,326,76
1,0,1,5,236,100
44,0,1,7,59,50
106,0,1,5,358,149
73,2,2,10,342,20
4,0,1,10,161,43
73,2,1,5,351,45
13,0,8,5,280,44
34,0,1,17,355,139
6,1,3,7,226,165
49,1,3,5,62,165
14,0,1,5,292,85
81,0,1,6,355,49
6,0,5,6,83,68
63,0,1,5,183,70
25,1,1,7,5,200
37,0,7,12,171,50
37,0,3,12,65,55
43,0,2,327,280,375
129,0,3,9,348,69
68,1,1,5,312,189
192,0,1,5,229,62
1,1,3,12,0,339
144,1,3,10,337,168
37,0,1,9,360,75
28,1,1,7,342,299
112,0,5,5,128,69
6,0,2,34,305,49
6,0,2,34,308,49
28,0,3,5,213,89
21,0,4,7,149,65
43,1,2,327,304,214
18,0,3,8,282,90
83,0,2,6,66,45
18,0,1,9,324,100
2,0,3,8,341,57
20,0,1,33,365,119
15,0,2,5,352,109
200,1,2,7,167,128
23,2,14,28,320,35
147,0,2,5,191,49
19,0,1,5,317,260
43,1,2,327,314,247
6,2,2,34,362,37
7,2,1,8,199,65
1,1,2,13,276,260
6,0,15,11,189,48
11,1,2,5,319,210
37,0,1,9,353,95
12,0,2,5,211,90
22,0,2,5,47,68
41,0,4,6,197,33
70,1,1,6,177,249
6,1,1,9,134,139
20,1,3,28,81,199
4,2,1,7,89,55
7,0,7,47,357,55
21,0,1,8,179,58
162,2,1,8,351,25
152,0,1,7,163,75
7,0,1,6,283,145
27,1,1,10,300,393
2,0,7,8,324,52
28,0,4,9,17,69
21,0,2,10,359,67
124,0,3,5,212,38
5,1,2,327,125,282
121,0,2,6,254,25
30,1,1,6,154,120
7,0,1,12,267,110
86,0,4,8,347,34
15,0,1,12,65,62
55,0,2,6,340,36
21,0,1,26,179,55
4,2,2,9,12,49
162,2,1,8,346,24
33,1,1,5,365,150
27,0,1,7,331,100
29,0,1,13,0,250
7,0,1,12,241,105
7,2,1,7,33,99
112,0,7,5,145,50
3,1,2,6,199,248
70,0,1,6,180,119
124,0,2,5,311,40
34,0,1,17,363,119
2,0,1,9,275,100
7,1,5,8,43,229
49,0,2,5,301,50
79,0,1,8,146,43
87,0,1,10,106,55
4,0,6,6,230,399
69,0,4,5,0,63
1,0,3,12,365,269
1,1,3,49,222,737
48,1,1,33,348,179
1,1,1,17,221,163
103,0,1,5,162,55
49,1,6,8,275,187
10,1,3,5,41,169
6,0,2,7,71,72
43,0,7,13,323,169
7,2,1,9,347,69
44,0,1,7,45,50
42,0,2,5,311,42
34,0,1,17,364,169
81,0,1,5,35,49
162,2,1,8,332,24
4,0,1,10,359,55
25,0,1,9,301,58
193,1,2,6,125,99
70,0,3,13,79,35
43,0,7,13,344,169
43,1,2,327,293,256
100,1,3,5,83,210
71,0,1,9,311,100
5,1,2,327,159,254
37,0,1,5,90,65
103,0,1,5,89,60
21,0,2,26,309,36
20,0,3,28,60,249
7,2,1,7,365,77
56,0,1,5,100,55
43,1,2,327,335,229
19,1,1,5,317,396
37,0,2,7,35,200
83,1,2,6,336,79
70,0,3,13,90,45
1,0,1,5,353,358
6,2,1,34,365,39
21,0,1,5,227,85
43,1,2,327,285,230
200,1,3,7,169,98
21,0,1,5,166,48
6,0,3,6,27,62
24,0,1,7,45,55
19,1,1,5,97,369
6,0,1,8,27,54
43,1,2,327,294,248
6,0,3,6,158,78
173,0,1,5,179,60
6,0,15,11,331,45
79,0,1,8,140,55
6,2,15,14,0,35
71,0,1,15,296,100
29,0,1,13,290,85
30,1,3,6,46,250
12,0,2,5,193,95
43,1,2,327,289,396
79,0,2,5,262,65
21,0,1,8,177,60
4,2,2,9,5,49
193,1,1,6,364,450
79,0,1,8,130,51
68,1,1,5,335,200
21,0,1,26,250,45
1,1,2,13,286,220
29,1,1,12,20,2103
7,0,4,6,140,99
14,1,1,6,364,4160
37,0,1,6,90,99
43,1,2,327,337,229
48,1,1,33,187,179
83,1,2,6,36,69
71,0,1,7,364,339
129,1,3,6,8,145
15,0,1,12,102,72
20,1,1,33,364,399
7,0,7,47,360,55
17,0,1,7,258,49
2,0,1,6,41,109
37,0,1,5,15,40
14,0,1,9,319,100
1,0,1,5,349,358
23,2,14,28,322,35
27,1,1,12,23,1306
21,0,1,6,1,38
55,0,2,6,299,35
37,0,1,9,365,80
6,0,15,11,354,40
43,1,2,327,319,236
14,1,1,6,364,6800
25,1,1,10,341,299
6,0,1,15,307,55
111,0,1,6,180,69
11,0,1,5,329,999
94,0,1,18,355,135
6,0,2,6,164,81
7,2,1,7,225,75
6,0,2,5,358,100
124,0,2,5,346,50
82,0,1,5,193,30
73,1,1,8,334,350
25,0,1,9,273,35
1,0,2,13,263,198
43,1,3,5,107,209
149,0,1,5,32,55
114,2,1,8,73,28
21,0,2,10,362,60
7,0,7,47,238,100
90,2,9,12,0,18
1,0,1,11,179,375
6,0,2,7,66,69
37,0,1,8,76,60
28,0,3,9,8,95
71,0,3,5,226,125
71,0,1,15,336,100
21,0,1,5,222,90
43,0,2,327,332,258
20,0,3,28,60,349
21,2,1,7,82,25
23,2,14,28,321,35
43,1,2,327,310,404
37,0,2,10,365,43
43,1,2,327,346,229
43,1,2,327,316,472
2,1,1,5,247,121
13,2,2,5,0,41
37,0,1,6,126,75
162,2,2,8,346,25
37,0,1,6,163,80
15,1,4,9,65,399
6,2,3,34,361,36
114,2,1,8,351,28
21,0,1,26,365,50
183,0,15,5,356,50
73,1,3,5,365,99
43,1,2,327,273,377
3,1,1,11,365,4500
7,0,7,47,365,75
2,0,2,9,365,69
15,0,1,10,33,39
1,0,1,14,349,375
43,1,2,327,355,229
110,0,4,7,334,30
100,0,3,5,86,70
34,0,1,8,364,160
55,0,2,6,360,36
114,2,1,7,64,28
54,0,7,9,364,80
12,0,3,5,0,110
152,0,1,8,335,100
6,0,1,5,162,35
43,1,2,327,319,230
20,0,1,7,54,99
22,1,4,5,84,125
39,0,1,5,88,78
56,0,1,7,313,80
25,0,1,9,265,55
1,0,1,11,180,425
29,0,1,13,315,55
0,0,1,11,148,42
21,0,2,8,348,65
2,0,1,6,40,90
81,0,1,8,142,30
23,0,3,5,349,59
12,0,1,7,310,51
21,0,2,43,222,47
43,1,1,6,339,215
25,0,1,8,316,149
37,0,1,5,23,50
21,0,4,5,274,195
3,1,2,6,327,95
2,0,1,9,150,85
1,0,3,12,365,599
81,1,2,5,107,78
37,0,1,8,67,60
84,0,1,5,235,48
43,1,2,327,297,230
8,1,10,7,154,200
43,1,2,327,273,403
71,0,1,13,356,100
1,0,3,6,359,65
71,0,1,9,299,199
11,1,3,5,294,200
46,0,1,5,364,225
192,0,1,5,330,69
1,0,3,12,365,499
37,0,1,6,121,49
7,2,1,8,196,65
2,0,1,5,244,209
84,0,4,6,0,39
1,1,2,13,242,260
37,0,1,6,62,55
21,0,2,8,321,65
54,0,3,7,341,80
2,0,2,9,365,69
3,2,1,6,344,37
11,0,1,10,247,209
71,0,1,15,349,100
6,0,1,7,136,130
103,1,1,6,341,257
7,1,1,5,282,230
7,0,1,6,146,70
37,0,1,5,46,60
39,0,1,12,365,89
6,0,2,6,150,81
24,0,1,5,119,70
25,0,1,8,321,89
3,0,1,11,365,179
6,0,1,15,321,60
1,1,3,8,326,419
20,0,1,5,180,60
6,2,1,34,346,35
9,1,1,5,364,175
1,1,1,8,0,310
43,1,2,327,349,228
1,1,3,49,204,699
2,1,4,7,281,150
37,0,1,5,46,49
30,1,1,5,338,235
5,1,2,327,81,308
20,1,3,13,69,189
103,1,1,5,150,80
56,0,1,5,138,109
6,1,1,5,63,90
18,0,1,9,315,100
37,0,1,5,84,48
55,0,2,6,341,37
144,0,3,10,75,58
162,0,2,6,306,40
20,1,1,6,0,50
37,0,1,6,75,55
7,2,1,7,225,75
147,0,1,10,158,39
103,0,1,7,0,49
43,1,2,327,340,235
43,1,2,327,346,198
22,0,3,5,0,98
4,0,3,6,62,101
21,0,2,8,102,61
15,0,1,12,48,49
43,1,2,327,318,194
37,0,2,10,335,100
2,0,1,5,244,174
43,1,2,327,323,229
2,0,6,8,346,45
54,0,1,5,0,48
70,0,3,13,90,57
54,0,3,5,305,100
35,0,4,5,365,130
79,0,1,5,168,30
28,0,7,6,0,90
9,1,1,5,364,300
54,0,5,5,308,67
12,0,2,5,0,75
3,0,1,11,365,259
21,2,1,7,0,50
43,1,2,327,327,229
2,0,3,6,365,145
1,1,3,12,0,339
6,0,2,8,254,49
173,0,1,5,365,65
101,0,1,7,361,100
42,0,2,5,351,62
6,1,1,15,83,60
46,1,2,7,324,399
21,0,2,8,177,53
43,0,2,327,328,262
6,0,2,34,313,49
79,0,1,5,208,32
81,0,6,5,253,55
5,1,2,327,81,255
16,0,2,6,304,110
6,0,1,15,345,65
7,0,1,30,155,199
81,1,1,6,252,89
3,0,2,6,250,125
19,0,1,7,0,285
103,0,1,6,336,65
6,0,1,5,134,30
6,0,1,6,155,43
49,0,6,8,358,50
6,0,1,6,356,100
25,2,5,5,90,35
7,0,1,5,299,390
1,1,3,8,326,449
73,2,7,10,311,50
30,0,4,5,7,45
18,0,3,8,255,90
14,0,1,20,359,149
173,0,1,5,365,50
7,2,1,5,23,95
21,0,2,8,345,65
7,0,1,30,169,107
79,1,1,5,133,172
1,1,3,8,229,399
23,2,14,28,342,32
7,0,1,10,314,146
6,0,2,34,288,65
100,0,5,5,349,38
103,0,1,5,278,49
192,0,1,5,343,60
6,0,3,6,364,50
16,0,2,6,89,115
1,0,1,10,363,500
43,1,2,327,298,188
1,0,2,13,285,378
49,0,1,5,30,55
28,0,2,6,341,700
46,0,1,6,81,60
25,0,1,8,319,99
20,1,1,6,0,68
14,0,1,20,363,199
103,0,1,5,171,55
43,1,2,327,325,196
54,0,1,8,189,90
1,0,4,6,357,75
71,0,1,13,351,100
83,0,2,6,58,39
94,0,1,9,342,50
37,0,1,5,80,45
21,0,1,8,175,51
20,0,1,33,179,119
41,1,4,6,0,150
2,0,1,11,365,69
46,0,1,18,365,135
7,0,3,47,238,50
8,0,1,10,288,230
4,0,2,5,0,90
152,0,1,7,161,55
20,0,3,28,60,599
8,0,1,6,345,299
7,0,1,6,179,75
21,0,2,5,0,45
20,1,3,28,60,199
4,0,1,10,364,64
29,0,1,13,324,60
152,0,1,6,365,95
201,1,2,7,10,150
27,0,1,7,266,100
14,0,1,12,359,85
43,1,2,327,261,242
6,2,1,34,365,38
69,1,2,5,361,250
124,0,1,5,344,55
20,0,3,28,60,299
6,0,1,15,314,61
25,0,4,5,89,55
39,0,1,5,262,80
73,0,1,8,352,65
37,0,1,6,137,80
37,0,1,5,48,49
37,1,2,7,74,149
21,1,2,8,320,185
15,0,1,7,319,75
81,0,2,6,340,149
71,0,1,7,294,100
79,0,1,8,360,53
15,1,3,5,278,245
116,0,5,5,308,70
20,1,3,28,47,199
114,2,1,8,365,28
37,1,1,6,265,229
21,0,3,8,338,62
37,0,2,10,355,51
1,1,4,49,124,956
6,0,1,7,70,59
1,0,2,11,163,233
37,1,2,6,243,500
6,1,5,5,24,190
7,0,1,8,89,249
7,1,1,6,123,170
7,0,1,10,200,794
15,0,1,12,61,53
43,1,2,327,262,388
1,0,1,14,361,475
20,1,3,28,60,199
14,0,1,9,269,100
123,0,5,5,326,60
6,0,2,34,344,43
149,1,1,5,114,255
4,0,1,5,0,51
5,1,2,327,130,241
43,1,2,327,272,247
67,2,10,12,0,28
6,1,5,5,333,151
0,0,1,11,16,56
71,0,1,9,295,100
152,0,1,7,163,85
37,1,5,7,139,398
85,0,1,5,180,65
29,1,1,12,14,1680
25,1,3,7,34,150
6,0,2,7,58,67
21,0,1,5,332,70
79,0,2,5,232,58
43,1,2,327,234,472
106,0,1,5,361,95
22,0,2,6,287,55
5,1,2,327,58,300
79,0,2,5,224,39
144,0,3,8,180,39
70,0,7,13,252,35
49,0,1,5,32,100
152,1,1,7,68,175
94,0,1,6,365,65
27,0,1,10,23,119
70,0,3,13,365,54
6,0,1,6,173,55
110,0,2,7,286,40
64,0,1,8,0,159
58,1,1,13,364,115
71,0,1,7,296,100
2,0,5,5,0,60
21,0,13,8,14,51
94,0,1,6,0,45
43,1,2,327,276,376
0,0,1,11,23,45
70,0,3,8,360,75
21,2,1,5,365,50
5,1,2,327,113,262
1,1,3,8,316,370
20,0,1,5,349,105
43,1,2,327,351,229
70,0,7,13,239,38
11,0,1,5,321,999
111,2,5,8,365,30
12,1,2,7,330,150
89,2,3,7,37,95
66,0,3,5,365,40
46,0,1,9,360,40
70,0,7,13,258,38
43,1,2,327,254,451
73,2,3,10,281,40
46,1,1,6,83,450
1,1,1,5,301,219
43,1,2,327,338,229
173,0,1,5,365,140
2,0,5,7,154,55
1,0,1,11,176,399
43,1,2,327,299,245
9,0,14,12,89,84
21,0,1,5,270,85
34,0,1,8,365,99
20,1,3,13,71,129
14,0,1,20,168,99
70,0,7,13,116,35
48,1,1,33,179,225
144,0,3,10,89,55
37,0,3,10,358,70
27,0,1,10,120,119
21,0,2,5,167,45
15,0,5,7,278,70
26,1,1,9,287,460
56,0,1,5,300,65
6,0,3,7,225,63
21,0,3,5,254,159
8,0,1,10,284,220
2,0,5,6,24,42
6,0,15,11,325,40
14,0,1,20,365,199
6,0,1,15,188,45
25,0,1,10,357,89
71,0,1,15,328,100
47,1,7,5,365,265
43,1,1,8,322,219
24,0,1,7,58,55
56,1,2,5,86,125
7,0,1,11,240,155
48,1,1,33,179,225
2,0,1,5,309,179
63,0,2,5,205,78
6,0,1,5,243,48
43,1,2,327,349,229
6,0,1,6,164,57
39,0,1,8,297,89
157,0,5,5,343,85
15,1,3,9,72,87
20,1,3,28,60,199
6,0,2,5,0,50
158,0,2,5,355,69
7,0,1,5,290,370
1,1,3,49,204,699
86,0,4,8,285,33
2,0,1,11,364,65
2,0,6,5,0,100
112,0,3,5,96,49
6,0,15,5,342,40
21,0,1,8,177,51
23,2,14,28,322,35
6,0,3,6,178,50
81,0,1,8,156,47
7,0,1,12,241,105
1,0,1,14,365,350
157,0,5,5,365,65
21,0,2,26,302,36
43,1,2,327,284,248
6,2,1,34,365,39
6,0,2,5,168,58
22,1,2,6,191,165
63,2,3,5,236,35
46,0,2,7,0,66
67,2,7,6,343,25
6,0,1,15,236,45
86,0,4,8,316,33
162,2,1,6,365,45
24,1,2,7,110,599
15,0,5,7,308,70
1,0,1,14,357,425
11,0,1,5,334,999
6,1,3,5,363,155
4,0,3,6,332,80
103,0,1,6,325,52
103,0,1,6,352,55
43,0,1,5,0,95
39,0,2,6,355,65
7,0,1,5,346,99
14,0,1,12,360,85
6,0,2,7,147,77
2,0,1,9,365,69
6,0,2,5,125,50
1,1,3,49,206,737
94,0,1,18,309,135
103,1,1,5,0,220
3,2,1,6,350,40
6,0,15,14,0,75
2,0,3,6,365,115
4,2,1,7,90,60
7,0,1,5,292,159
79,0,1,5,1,28
15,0,5,5,129,77
20,1,3,28,84,199
56,0,1,7,253,100
37,1,3,6,256,1500
85,0,1,5,359,59
144,0,2,8,58,39
23,0,15,28,185,94
6,0,2,10,350,40
8,1,1,6,320,199
23,2,14,28,341,32
64,0,1,8,0,109
81,0,1,5,65,69
12,0,2,5,0,75
34,0,1,8,363,139
6,0,5,6,94,73
43,1,2,327,302,210
7,0,1,5,358,99
1,1,3,49,190,699
25,1,2,5,144,134
43,1,2,327,333,235
144,1,3,10,315,223
43,1,2,327,279,218
70,0,3,13,180,40
7,0,7,47,337,62
21,0,5,7,133,63
71,0,1,7,331,324
43,1,2,327,348,229
6,0,15,14,0,50
7,0,7,47,324,55
20,1,1,6,0,52
34,0,1,17,364,119
15,0,1,12,63,54
34,0,1,8,236,129
37,0,2,10,361,116
129,0,1,8,352,37
86,0,4,8,338,35
1,0,1,6,294,100
30,1,1,6,53,120
37,0,2,6,180,46
43,1,2,327,247,484
6,0,1,6,152,43
21,0,3,5,0,40
37,0,1,9,346,89
22,0,1,5,70,54
46,0,1,18,365,135
28,0,3,5,169,74
7,2,1,6,23,69
2,0,2,9,116,69
14,0,1,5,310,85
124,2,1,7,365,60
4,0,2,5,44,110
6,0,1,15,313,65
20,0,3,13,74,149
14,0,1,20,359,159
6,1,1,5,50,90
79,1,1,5,359,399
20,1,3,13,74,129
21,0,2,5,359,70
26,1,1,9,287,690
111,0,1,7,169,48
1,0,3,12,365,699
6,1,1,5,85,90
69,0,1,5,48,142
6,0,15,11,364,48
23,0,2,10,344,85
144,0,2,8,175,39
4,2,1,7,83,49
21,0,2,8,362,65
20,1,3,28,60,199
54,0,7,9,365,80
1,1,2,13,259,260
114,2,1,8,363,28
21,0,5,7,112,72
1,1,2,13,272,500
37,1,2,7,61,159
8,1,1,12,158,3613
2,0,3,7,1,55
69,1,2,5,87,105
6,0,1,6,237,50
14,0,1,12,338,85
114,2,1,7,89,28
21,0,2,5,318,45
21,0,2,5,0,0
103,0,1,5,139,33
6,0,5,6,140,72
23,2,14,28,320,35
103,1,1,7,0,149
27,1,1,8,71,89
85,0,1,5,359,59
43,1,2,327,255,498
70,0,1,5,0,58
6,0,2,34,312,49
2,0,1,5,245,64
11,1,3,5,265,250
6,0,3,7,20,86
7,2,1,6,167,75
6,0,2,34,340,60
6,1,1,9,118,155
21,0,4,6,36,37
129,1,1,8,305,48
1,0,1,10,362,300
4,2,2,9,11,65
7,2,1,9,365,85
21,0,1,5,328,50
6,2,15,14,0,30
66,0,3,5,365,45
56,0,1,5,90,115
25,2,4,5,90,40
7,0,1,6,184,70
43,0,7,13,365,169
2,0,8,6,54,40
21,0,1,26,365,50
85,0,2,5,180,59
6,2,1,17,83,30
44,0,1,7,47,60
7,2,1,7,365,79
162,2,1,8,357,28
12,0,7,5,364,200
23,2,14,28,320,35
43,1,2,327,328,227
81,0,6,5,279,58
25,1,3,7,23,160
6,2,1,34,365,36
48,1,1,33,179,225
1,0,3,12,365,699
43,1,2,327,265,495
7,0,1,5,294,410
7,0,1,5,0,149
7,0,7,47,354,55
1,0,1,13,364,100
34,0,1,17,361,129
24,0,1,5,158,70
70,0,7,13,260,35
121,0,1,6,274,45
1,1,1,17,216,153
71,0,1,13,343,100
28,1,1,11,281,140
34,0,1,8,365,149
57,1,1,7,332,155
71,0,1,7,50,300
23,0,2,5,341,78
6,2,1,34,365,36
63,1,3,6,0,88
7,2,1,8,192,69
162,2,1,6,361,37
37,0,7,12,152,60
15,0,1,8,311,75
54,0,3,5,365,70
46,0,1,6,177,60
162,1,2,6,320,79
14,0,1,12,356,85
6,0,2,10,361,50
6,2,1,17,89,24
21,0,1,6,0,38
21,0,1,6,7,38
6,0,3,7,96,80
3,2,1,6,345,45
6,0,1,15,305,60
70,1,3,8,356,81
37,0,1,6,365,99
23,0,15,28,185,73
22,0,2,6,50,62
22,0,2,5,0,72
54,0,3,7,330,75
2,0,4,8,42,45
14,0,1,5,292,82
25,0,1,5,351,59
71,0,1,7,230,100
25,0,1,8,333,119
8,1,1,6,337,190
1,1,1,5,306,229
22,0,1,5,335,38
20,0,3,28,60,249
124,0,3,5,313,40
37,0,2,7,57,45
6,1,14,5,286,68
6,0,2,5,330,87
21,0,2,10,359,60
3,0,7,6,185,98
24,0,2,6,364,40
43,0,7,13,365,169
43,1,2,327,353,228
22,0,2,6,196,68
6,0,1,6,222,0
41,1,4,6,230,289
1,1,2,11,173,276
73,0,1,8,359,65
43,1,2,327,327,230
71,0,1,7,353,379
129,0,3,9,355,89
94,0,1,6,361,120
20,1,3,28,84,199
15,0,4,7,303,65
149,0,1,5,28,55
6,0,15,11,341,48
1,0,2,13,327,252
1,1,3,12,0,269
20,1,1,6,0,119
90,2,5,12,0,22
6,2,1,17,89,27
6,0,2,34,289,65
2,0,1,5,267,199
25,0,1,10,360,99
152,0,1,8,0,49
58,1,2,13,365,105
37,0,2,6,342,47
3,0,1,11,362,279
54,0,3,5,365,89
1,1,2,13,268,672
43,0,2,327,255,616
6,0,2,5,10,50
27,1,1,10,338,240
1,1,1,6,365,820
129,0,5,6,238,45
7,0,1,8,87,249
28,0,3,9,30,69
6,0,1,5,345,30
110,0,4,7,293,34
28,0,1,5,0,99
71,0,1,7,51,200
57,0,2,7,349,75
6,2,15,14,0,35
14,0,1,12,360,85
21,0,1,6,170,69
21,0,2,5,365,82
1,1,1,6,365,1020
1,1,4,49,80,956
37,0,1,6,169,80
43,1,2,327,271,248
3,0,1,11,363,199
200,0,2,7,177,39
43,1,2,327,339,425
14,0,1,6,364,2010
200,0,2,7,177,38
49,0,7,8,309,49
20,0,1,7,38,68
49,0,1,5,310,37
28,1,1,5,287,168
34,0,1,8,364,169
147,0,1,10,32,39
21,0,1,5,324,100
30,0,1,5,185,150
54,0,1,6,365,99
44,0,1,7,64,60
129,0,1,8,273,50
49,0,1,5,19,80
25,0,1,10,350,79
83,0,2,5,150,37
54,0,3,7,320,110
56,2,1,7,313,36
111,0,1,7,350,60
55,0,2,6,320,37
24,2,1,6,207,39
1,1,2,13,263,198
12,0,1,6,325,75
1,0,1,10,363,350
71,0,1,7,63,91
54,0,1,6,365,89
34,0,1,17,338,129
129,1,5,6,121,150
15,1,3,9,91,99
6,0,3,6,180,40
43,1,2,327,331,220
7,0,1,30,334,199
43,1,2,327,328,203
6,0,2,7,170,77
7,0,1,10,333,210
43,1,2,327,343,234
160,2,4,8,365,34
54,0,5,9,89,80
43,0,1,5,161,109
34,0,1,17,355,119
200,0,2,7,177,39
2,0,1,5,238,158
67,2,7,6,321,25
7,0,7,47,328,62
172,0,2,5,355,79
37,1,2,7,67,159
1,0,1,10,345,350
39,0,1,8,319,90
25,0,1,8,319,99
14,0,7,47,358,50
37,0,1,6,365,99
37,0,1,5,79,48
79,0,1,5,273,39
162,2,2,6,365,30
6,1,3,7,3,160
158,1,1,5,342,190
46,0,1,18,365,135
54,1,2,5,21,156
7,2,1,5,22,80
71,0,1,7,351,304
70,0,3,8,361,62
114,2,1,8,88,28
6,0,2,5,164,58
7,0,1,11,305,255
28,1,1,5,339,199
6,0,2,5,342,86
31,0,2,5,88,58
1,0,1,11,178,329
110,0,4,8,316,34
33,1,1,5,152,350
111,0,1,8,0,40
2,0,5,6,11,52
71,0,1,7,358,359
30,0,3,5,17,79
23,0,15,28,185,93
4,1,1,5,40,180
0,0,1,11,88,42
43,1,2,327,333,221
1,0,3,6,364,120
126,0,3,6,256,169
6,0,2,8,268,52
7,0,1,12,194,115
43,1,2,327,284,241
46,0,1,18,365,135
6,0,2,7,165,77
2,0,4,6,0,45
43,1,2,327,341,229
81,1,1,5,110,145
23,2,14,28,322,35
21,0,2,8,218,59
20,0,1,33,180,119
6,1,1,9,20,139
71,0,1,7,362,299
21,0,2,8,344,65
124,0,1,7,179,56
7,0,1,30,347,199
6,0,3,6,57,30
43,1,2,327,319,214
27,0,1,7,270,100
54,0,3,5,365,69
58,0,2,13,364,68
7,0,1,6,161,70
4,0,2,6,173,90
21,0,1,5,148,59
21,0,1,5,345,110
7,0,7,47,352,99
77,1,1,12,0,1978
6,1,1,14,53,300
43,1,2,327,237,255
37,0,1,7,4,42
70,1,3,8,343,90
73,2,7,10,290,25
14,0,1,20,359,159
15,0,2,7,325,85
7,0,1,6,280,116
81,1,1,6,255,150
8,0,1,10,275,280
46,2,1,8,34,39
58,1,1,13,357,250
4,2,1,7,72,45
12,0,2,8,87,60
15,0,1,12,57,54
129,0,5,6,212,45
3,0,1,11,363,239
7,0,1,5,307,150
6,0,1,6,176,0
6,0,2,8,226,49
2,0,7,6,22,70
18,0,1,9,89,60
1,0,2,11,217,191
20,0,1,33,365,119
6,1,1,6,342,282
20,0,1,7,27,112
1,1,2,13,283,220
28,1,3,9,103,175
1,1,4,49,121,956
82,1,2,5,350,137
111,0,1,10,365,48
18,0,1,9,324,100
66,0,3,5,365,43
16,0,2,6,347,130
43,1,2,327,311,425
42,0,2,5,338,80
48,1,1,33,364,225
57,0,1,7,365,80
144,0,3,10,69,79
43,1,2,327,331,229
21,0,2,5,351,65
20,1,1,33,364,189
7,1,2,5,169,299
12,1,3,5,347,350
6,0,2,34,285,65
2,2,2,9,365,69
25,0,1,9,300,58
6,0,4,6,120,72
1,1,1,6,365,750
29,0,1,13,293,60
144,0,3,10,68,79
4,0,5,6,12,49
37,1,6,7,363,499
54,0,3,5,307,67
6,2,1,34,365,38
6,0,2,10,362,45
54,0,2,5,0,27
1,0,1,10,330,400
100,0,1,5,365,130
79,1,1,5,174,330
4,0,2,6,0,90
43,1,1,6,203,525
6,0,1,6,323,40
84,2,1,6,23,25
43,1,2,327,338,205
39,0,2,6,342,75
20,2,1,33,365,119
157,0,5,5,29,75
12,0,2,5,211,95
7,2,1,6,24,69
63,2,2,5,230,40
1,1,3,12,0,339
162,2,1,6,365,37
111,0,1,6,151,75
111,0,1,7,177,60
7,0,1,6,299,100
7,2,1,6,363,75
71,0,1,15,358,100
6,0,15,11,330,60
7,0,1,30,359,199
20,0,1,7,32,105
71,0,1,7,300,100
44,0,1,7,73,60
35,0,1,8,189,85
7,0,7,47,332,99
21,2,4,5,346,25
129,0,3,6,50,60
22,1,3,5,113,85
7,0,1,30,165,179
6,2,1,17,86,35
6,0,1,15,343,55
28,1,1,12,146,7703
12,0,1,5,0,90
114,2,1,8,89,60
25,0,1,9,229,55
15,1,3,5,249,530
1,1,1,6,365,1075
37,1,2,7,70,150
15,0,5,5,149,68
2,0,1,5,291,189
23,2,14,28,341,32
81,0,1,5,49,80
1,1,1,9,339,299
39,2,3,12,351,30
14,1,1,6,0,1500
21,1,2,5,358,350
160,2,5,7,365,34
101,0,1,7,348,100
34,0,1,17,362,129
111,0,1,7,364,58
7,2,1,7,357,69
2,0,5,7,314,58
7,2,1,6,365,75
5,1,2,327,76,316
39,0,1,5,123,98
11,1,3,5,308,300
26,1,1,9,298,790
124,0,2,5,342,32
172,1,2,5,354,135
6,1,1,9,118,145
81,0,1,8,175,34
71,0,1,9,278,249
43,1,2,327,343,214
7,0,1,10,333,209
6,0,5,10,360,55
20,1,3,13,74,189
7,2,1,5,19,95
29,0,1,13,339,65
49,0,1,5,29,45
2,0,1,5,281,149
1,0,1,13,352,100
21,0,2,5,359,65
56,0,2,9,283,60
84,2,4,6,16,25
173,0,1,5,180,60
43,1,2,327,340,234
7,2,1,6,325,65
6,0,2,6,249,135
114,2,1,7,71,28
24,0,1,5,359,45
43,1,2,327,350,227
56,0,1,9,322,49
37,0,7,12,120,40
28,0,1,10,81,125
7,2,1,8,206,65
21,1,2,6,241,169
1,1,1,8,0,261
21,0,2,26,311,35
7,2,1,6,362,70
0,0,1,11,42,45
73,2,1,5,351,35
73,2,2,8,32,20
6,0,2,5,213,58
30,0,1,5,315,99
6,2,1,34,360,38
69,1,2,5,86,104
70,2,1,6,180,79
116,0,3,5,318,60
45,0,3,6,0,85
149,0,1,5,29,80
103,0,1,5,347,54
58,0,2,13,364,75
25,0,1,6,347,95
103,0,1,5,73,90
43,1,2,327,340,240
15,0,1,10,218,39
70,0,3,13,90,85
20,0,1,7,16,85
71,0,1,9,317,100
19,1,1,12,215,3518
111,0,1,10,0,60
2,0,4,6,119,105
37,0,1,6,133,39
3,0,1,11,363,438
162,2,1,6,365,37
25,1,1,10,357,299
54,0,3,5,90,60
1,1,3,49,196,699
7,0,1,12,241,105
24,0,1,5,309,39
71,0,1,9,301,100
37,0,1,6,364,99
43,1,2,327,346,229
49,0,6,8,307,45
43,1,2,327,267,468
52,1,1,10,133,289
15,0,2,5,145,29
54,0,7,9,172,40
69,0,1,5,57,142
7,0,7,47,318,99
12,0,2,5,211,90
43,1,2,327,357,230
183,0,14,5,281,45
43,0,7,13,349,179
25,1,3,7,16,170
69,1,2,5,312,142
7,0,1,8,53,209
7,0,1,5,126,98
7,2,1,6,365,75
49,1,7,8,261,107
7,0,1,30,361,179
121,0,1,6,258,25
87,0,1,10,106,85
43,1,2,327,349,227
6,0,2,5,171,58
1,1,1,17,267,120
53,0,15,12,125,83
7,2,1,6,24,69
63,1,3,6,0,278
30,1,1,5,335,560
12,0,14,6,343,120
37,0,14,12,323,40
111,0,1,7,326,55
4,2,1,7,90,45
34,0,1,17,363,119
7,0,7,47,310,70
54,0,1,5,81,54
1,0,1,8,317,300
114,2,1,7,83,28
43,1,2,327,323,240
15,0,1,12,51,63
6,0,15,14,0,45
3,1,1,11,365,8000
6,0,2,7,153,77
5,1,2,327,108,257
54,0,1,6,365,89
21,2,1,5,365,50
27,0,1,10,151,129
162,1,2,6,336,119
14,0,1,9,323,100
12,1,2,5,46,249
1,1,1,17,215,208
1,1,3,12,0,339
69,0,1,5,48,142
37,0,1,6,340,55
